{"stats":{"minecraft:custom":{"minecraft:jump":41,"minecraft:time_since_rest":7949,"minecraft:damage_dealt":20,"minecraft:crouch_one_cm":49,"minecraft:leave_game":1,"minecraft:sprint_one_cm":7458,"minecraft:play_time":7949,"minecraft:damage_taken":70,"minecraft:time_since_death":7949,"minecraft:walk_one_cm":6272,"minecraft:sneak_time":29,"minecraft:total_world_time":7949,"minecraft:fall_one_cm":629,"minecraft:fly_one_cm":11088},"minecraft:used":{"minecraft:sand":1},"minecraft:picked_up":{"minecraft:sand":1}},"DataVersion":3465}