{"stats":{"minecraft:custom":{"minecraft:jump":65,"minecraft:time_since_rest":4862,"minecraft:damage_dealt":90,"minecraft:crouch_one_cm":1775,"minecraft:sprint_one_cm":7998,"minecraft:play_time":4862,"minecraft:damage_taken":95,"minecraft:time_since_death":4862,"minecraft:walk_one_cm":7686,"minecraft:sneak_time":609,"minecraft:total_world_time":4862,"minecraft:fall_one_cm":1229,"minecraft:fly_one_cm":7480},"minecraft:used":{"minecraft:sand":33},"minecraft:picked_up":{"minecraft:sand":48},"minecraft:mined":{"minecraft:sand":10}},"DataVersion":3465}